answer_llm,answer_orig,document,question,course
"To sign up for the course, visit the provided link http://mlzoomcamp.com/#syllabus and there you can see all necessary options to enroll or join if you've already joined! Please note that even if past iterations have started, future cohort courses with a live component will kick off in September 2023. Feel free to reach out via the course page for help regarding accessibility of previous materials and projects from former learners starting as early as October (and they might be helpful).","Machine Learning Zoomcamp FAQ
The purpose of this document is to capture frequently asked technical questions.
We did this for our data engineering course and it worked quite well. Check this document for inspiration on how to structure your questions and answers:
Data Engineering Zoomcamp FAQ
In the course GitHub repository there’s a link. Here it is: https://airtable.com/shryxwLd0COOEaqXo
work",0227b872,Where can I sign up for the course?,machine-learning-zoomcamp
"I'm sorry, but it seems there is no specific information available in the provided context regarding how to sign up for a course or any link that would allow someone to join. Based on typical practices though commonly used links/handshakes are not found directly referencing signing-up procedures within FAQs pertaining precisely to general questions as stated above, and similarly without expressly indicated paths in this content which direct towards enrollment processes for courses related or otherwise specifically named LinkedIn experiences discussed by the Annaliese Bronz & Ani Mkrtumyan comments. 

To clarify your understanding on such matters based upon common procedures: Usually sign-up details are provided within a syllabus document, course webpage itself (often labeled as 'Join Now' or similarly), alongside institution’s registration system if applicable – not specifically mentioned in this context but often the method to obtain these resources is directly accessing designated learning platforms like Coursera and Udacity. Additionally for LinkedIn experiences you generally detail your skill acquisitions on a professional profile without listing it as formal roles that necessitate prior employment or compensation, emphasizing its value towards prospective opportunities – again not exactly specified here but rather implied in these Annaliese & Ani’s guidance regarding personal branding. 
","Machine Learning Zoomcamp FAQ
The purpose of this document is to capture frequently asked technical questions.
We did this for our data engineering course and it worked quite well. Check this document for inspiration on how to structure your questions and answers:
Data Engineering Zoomcamp FAQ
In the course GitHub repository there’s a link. Here it is: https://airtable.com/shryxwLd0COOEaqXo
work",0227b872,Can you provide a link to sign up?,machine-learning-zoomcamp
"As a course teaching assistant for the Machine Learning course, I'm happy to inform you that yes, there is an FAQ section available to address frequently asked technical questions regarding our course! Please refer to Airtable base URL where all these resources are listed: https://airtable.com/shryxwLd0COOEaqXo?p=4DZc7sIdHJ&i=3
Also, for general advice on how to get started and access course materials after joining the Zoomcamp Machine Learning Course 2023: Go directly to our official ML Camp website (http://mlzoomcamp.com/) or you can use this link http://airtable.com/shryxwLd0COOEaqXo?p=4DZc7sIdHJ&i=17 which will direct right into the course materials and furthermore to our comprehensive GitHub repo (https://github.com/DataTalksClub/machine-learning-zoomcamp/) that holds all resources from theory, assignments and projects related to this Machine Learning Zoomcamp! ","Machine Learning Zoomcamp FAQ
The purpose of this document is to capture frequently asked technical questions.
We did this for our data engineering course and it worked quite well. Check this document for inspiration on how to structure your questions and answers:
Data Engineering Zoomcamp FAQ
In the course GitHub repository there’s a link. Here it is: https://airtable.com/shryxwLd0COOEaqXo
work",0227b872,Is there an FAQ for this Machine Learning course?,machine-learning-zoomcamp
"Based on the provided context, yes, students need to provide the GitHub link for sign-up purposes but in case of homework grading, it’s required only when submitting corrections via Slack if their repositories are not publicly visible. Additionally, while having a personal Github repository with additional notes is allowed and encouraged by adding links under 'Community Notes', the course GitHub does serve as an initial point for community interactions around the shared knowledge of Machine Learning topics hosted on Saturn Cloud platforms alongside other guides present in FAQ documents tailored towards data engineering courses. 
","Machine Learning Zoomcamp FAQ
The purpose of this document is to capture frequently asked technical questions.
We did this for our data engineering course and it worked quite well. Check this document for inspiration on how to structure your questions and answers:
Data Engineering Zoomcamp FAQ
In the course GitHub repository there’s a link. Here it is: https://airtable.com/shryxwLd0COOEaqXo
work",0227b872,Does this course have a GitHub repository for the sign-up link?,machine-learning-zoomcamp
"To structure your questions and answers for this ML Zoomcamp Computer Science Specialization course effectively, consider creating a question-and-answer system that is friendly toward various levels of engagement with the material. You could ask about next steps by directing newcomers to first access materials through links provided on official channels or via specific documents associated with their cohort year. For example: ""New students start accessing course resources at [specific link], where you find all necessary modules and videos for a thorough understanding of our curriculum.""

You could address the submission method by instructing learners to include social media links in designated sections but emphasize they should submit up to seven distinct URLs per homework form submissions, as this will proportionately affect their extra credit scores. For instance: ""Please use the appropriate field on our assessment forms when posting your findings and learning milestones by incorporating no more than 7 unique social media sharing links related to course content each week.""

In regards to time estimation for successful completion, you might include a detailed breakdown of how much study is required per module or the entirety of participation in activities like projects, while offering data from peer observations. For example: ""Considering Aram's comprehensive timing analysis where 10 hours per week equate roughly to mastery across content and assignments during this course schedule,"" ensure you present time management as a guide for structured learning outcomes within the given course period, mention the doubling of points system for extended projects like midterms or capstrokes: ""Engaging in extensive activities such as Midterm Capstone will see your efforts rewarded with twofold points due to their substantial contribution and complexity.""

Lastly, inform about duration transparency so that learners are aware when the course concludes. As an example of structured questioning around this topic: ""This specialization has various activities designed across a ~4-month framework; however, expect additional learning projects which may extend participation beyond standard requirements.""","Machine Learning Zoomcamp FAQ
The purpose of this document is to capture frequently asked technical questions.
We did this for our data engineering course and it worked quite well. Check this document for inspiration on how to structure your questions and answers:
Data Engineering Zoomcamp FAQ
In the course GitHub repository there’s a link. Here it is: https://airtable.com/shryxwLd0COOEaqXo
work",0227b872,How can I structure my questions and answers for the course?,machine-learning-zoomcamp
